timestamp,hour,electricity_demand_kwh,total_electricity_consumption_kwh,thermal_demand_kwh,grid_supply_kwh,cost_grid_eur,cost_grid_subscription_eur,total_cost_hour_eur,emissions_grid_kg,total_emissions_hour_kg,pv_output_kwh,grid_export_kwh,grid_revenue_eur,pv_cell_temp_c,cost_pv_capex_hour_eur,cost_pv_om_eur,electric_boiler_heat_kwh,electric_boiler_electric_demand_kwh,cost_electric_boiler_eur,emissions_electric_boiler_kg,bess_soc_kwh,bess_soc_pct,bess_charge_kwh,bess_discharge_kwh,cost_bess_eur
15.01,00:00,0.5112,2.2031,1.675,0.6533,0.0,0.0269,1.3714,0.0131,0.0301,0.0,0.0,0.0,7.53,0.018,0.0,1.675,1.6919,0.6198,0.0,0.1754,5.35,0.0,1.5498,0.7067
15.01,01:00,0.5284,1.9507,1.4081,1.785,0.0699,0.0269,0.7113,0.0357,0.0375,0.0,0.0,0.0,6.99,0.018,0.0,1.4081,1.4223,0.521,0.0,0.0188,0.57,0.0,0.1657,0.0756
15.01,02:00,0.5142,2.0439,1.5144,2.0262,0.0957,0.0269,0.709,0.0405,0.0407,0.0,0.0,0.0,6.5,0.018,0.0,1.5144,1.5297,0.5603,0.0,0.002,0.06,0.0,0.0177,0.0081
15.01,03:00,0.4759,2.0618,1.57,2.0599,0.0913,0.0269,0.718,0.0412,0.0412,0.0,0.0,0.0,6.09,0.018,0.0,1.57,1.5859,0.5809,0.0,0.0002,0.01,0.0,0.0019,0.0009
15.01,04:00,0.4847,2.266,1.7635,2.2658,0.0933,0.0269,0.7908,0.0453,0.0453,0.0,0.0,0.0,5.76,0.018,0.0,1.7635,1.7813,0.6525,0.0,0.0,0.0,0.0,0.0002,0.0001
15.01,05:00,0.4754,2.8557,2.3565,2.8557,0.0916,0.0269,1.0084,0.0571,0.0571,0.0,0.0,0.0,5.41,0.018,0.0,2.3565,2.3803,0.8719,0.0,0.0,0.0,0.0,0.0,0.0
15.01,06:00,0.5544,4.1651,3.5746,4.1651,0.1068,0.0269,1.4743,0.0833,0.0833,0.0,0.0,0.0,5.12,0.018,0.0,3.5746,3.6107,1.3226,0.0,0.0,0.0,0.0,0.0,0.0
15.01,07:00,0.8199,5.333,4.4679,5.333,0.158,0.0269,1.856,0.1067,0.1067,0.0,0.0,0.0,5.53,0.018,0.0,4.4679,4.513,1.6531,0.0,0.0,0.0,0.0,0.0,0.0
15.01,08:00,1.0871,5.3828,4.2527,4.9276,0.1217,0.0269,1.7447,0.0986,0.0986,0.4552,0.0,0.0,7.94,0.018,0.0046,4.2527,4.2957,1.5735,0.0,0.0,0.0,0.0,0.0,0.0
15.01,09:00,1.1957,5.0207,3.7867,3.7399,0.0,0.0269,1.4588,0.0748,0.0748,1.2807,0.0,0.0,13.25,0.018,0.0128,3.7867,3.8249,1.4011,0.0,0.0,0.0,0.0,0.0,0.0
15.01,10:00,1.3944,4.951,3.521,4.3571,0.1542,0.0269,1.5078,0.0871,0.0871,0.5939,0.0,0.0,9.51,0.018,0.0059,3.521,3.5566,1.3028,0.0,0.0,0.0,0.0,0.0,0.0
15.01,11:00,1.3549,4.6797,3.2915,4.1087,0.151,0.0269,1.4195,0.0822,0.0822,0.571,0.0,0.0,10.17,0.018,0.0057,3.2915,3.3247,1.2179,0.0,0.0,0.0,0.0,0.0,0.0
15.01,12:00,1.1629,4.3237,3.1292,2.6464,0.0,0.0269,1.2195,0.0529,0.0529,1.6774,0.0,0.0,17.86,0.018,0.0168,3.1292,3.1608,1.1578,0.0,0.0,0.0,0.0,0.0,0.0
15.01,13:00,0.993,4.0949,3.0709,3.738,0.1225,0.0269,1.3072,0.0748,0.0748,0.3569,0.0,0.0,9.76,0.018,0.0036,3.0709,3.1019,1.1362,0.0,0.0,0.0,0.0,0.0,0.0
15.01,14:00,0.7997,3.8062,2.9765,3.5755,0.1096,0.0269,1.2581,0.0715,0.0715,0.2307,0.0,0.0,9.2,0.018,0.0023,2.9765,3.0066,1.1013,0.0,0.0,0.0,0.0,0.0,0.0
15.01,15:00,0.9442,3.9919,3.0172,3.7975,0.1445,0.0269,1.3077,0.076,0.076,0.1944,0.0,0.0,8.91,0.018,0.0019,3.0172,3.0477,1.1164,0.0,0.0,0.0,0.0,0.0,0.0
15.01,16:00,1.1607,4.2909,3.0989,4.2909,0.2236,0.0269,1.4151,0.0858,0.0858,0.0,0.0,0.0,7.32,0.018,0.0,3.0989,3.1302,1.1466,0.0,0.0,0.0,0.0,0.0,0.0
15.01,17:00,1.4858,4.7598,3.2412,4.7598,0.2863,0.0269,1.5304,0.0952,0.0952,0.0,0.0,0.0,6.86,0.018,0.0,3.2412,3.2739,1.1992,0.0,0.0,0.0,0.0,0.0,0.0
15.01,18:00,1.4341,4.9259,3.4569,4.9259,0.2763,0.0269,1.6002,0.0985,0.0985,0.0,0.0,0.0,6.7,0.018,0.0,3.4569,3.4918,1.2791,0.0,0.0,0.0,0.0,0.0,0.0
15.01,19:00,1.137,4.7321,3.5591,4.7321,0.2191,0.0269,1.5808,0.0946,0.0946,0.0,0.0,0.0,6.7,0.018,0.0,3.5591,3.5951,1.3169,0.0,0.0,0.0,0.0,0.0,0.0
15.01,20:00,0.9736,4.6374,3.6272,4.6374,0.1876,0.0269,1.5745,0.0927,0.0927,0.0,0.0,0.0,6.56,0.018,0.0,3.6272,3.6638,1.3421,0.0,0.0,0.0,0.0,0.0,0.0
15.01,21:00,0.8461,4.3995,3.5179,4.3995,0.163,0.0269,1.5095,0.088,0.088,0.0,0.0,0.0,6.29,0.018,0.0,3.5179,3.5534,1.3016,0.0,0.0,0.0,0.0,0.0,0.0
15.01,22:00,0.5964,3.7301,3.1023,3.7301,0.1149,0.0269,1.3077,0.0746,0.0746,0.0,0.0,0.0,5.88,0.018,0.0,3.1023,3.1336,1.1479,0.0,0.0,0.0,0.0,0.0,0.0
15.01,23:00,0.5233,4.3987,2.2131,4.3987,0.1008,0.0269,0.9646,0.088,0.088,0.0,0.0,0.0,5.51,0.018,0.0,2.2131,2.2355,0.8188,0.0,1.64,50.0,0.0,0.0,0.0
