N_PV_hh,E_BESS_cap_kwh,E_TESS_cap_kwh,annual_cost_total_eur,annual_emissions_total_kg
1,0.0,40.0,4230.45,333.55
40,0.0,0.0,2377.99,928.58
1,0.0,40.0,4230.45,333.55
40,0.0,0.0,2377.99,928.58
8,0.0,37.08,3885.96,387.61
2,0.0,0.0,3581.86,387.62
2,0.01,40.0,4138.88,333.9
1,0.0,39.85,4230.06,333.84
30,0.0,0.0,2679.44,762.82
36,0.13,0.0,2528.35,861.18
39,0.0,0.0,2408.14,911.87
38,0.13,0.0,2468.14,894.46
22,0.0,0.0,2921.25,633.6
37,0.13,0.0,2498.27,877.8
35,0.13,0.0,2558.51,844.58
31,0.13,0.0,2678.7,778.53
3,0.03,0.0,3529.29,388.73
2,0.0,0.0,3581.59,387.63
35,0.0,0.0,2528.74,845.3
29,0.13,0.0,2738.96,745.73
36,0.0,0.0,2498.6,861.9
37,0.0,0.0,2468.45,878.53
30,0.13,0.0,2708.98,762.1
28,0.13,0.0,2769.82,729.4
22,0.13,0.0,2951.1,632.89
23,0.0,0.0,2890.89,649.48
29,0.0,0.0,2709.6,746.44
38,0.0,0.0,2438.29,895.19
32,0.0,0.0,2619.08,795.71
40,0.13,0.0,2407.96,927.84
34,0.0,0.0,2558.87,828.73
23,0.13,0.0,2921.18,648.77
39,0.13,0.0,2438.12,911.13
33,0.0,0.0,2588.97,812.2
31,0.0,0.0,2649.27,779.24
33,0.13,0.0,2618.7,811.48
34,0.13,0.0,2588.68,828.01
32,0.13,0.0,2648.56,795.0
21,0.0,0.0,2951.68,617.79
28,0.0,0.0,2739.79,730.11
24,0.0,0.0,2860.64,665.45
24,0.13,0.0,2890.07,664.75
26,0.0,0.0,2800.18,697.63
25,0.13,0.0,2859.95,680.79
15,0.0,0.0,3135.45,525.79
27,0.0,0.0,2769.98,713.83
21,0.14,0.0,2982.1,617.08
25,0.0,0.0,2830.42,681.49
18,0.0,0.0,3043.19,571.06
20,0.13,0.0,3012.01,601.36
27,0.13,0.0,2800.03,713.12
26,0.13,0.0,2830.36,696.92
17,0.0,0.0,3073.6,555.78
20,0.0,0.0,2982.22,602.07
19,0.13,0.0,3042.89,585.77
17,0.13,0.0,3103.72,555.08
16,0.0,0.0,3104.06,540.67
18,0.13,0.0,3073.53,570.35
19,0.0,0.0,3012.77,586.48
15,0.13,0.0,3165.26,525.12
16,0.14,0.0,3134.75,539.97
13,0.0,0.0,3196.61,496.75
9,0.0,0.0,3321.64,442.38
14,0.0,0.0,3165.97,511.14
14,0.13,0.0,3195.73,510.48
12,0.14,0.0,3257.98,481.98
12,0.0,0.0,3227.35,482.63
10,0.15,0.0,3321.36,454.74
13,0.14,0.0,3226.87,496.08
11,0.14,0.0,3287.8,468.19
11,0.0,0.0,3258.45,468.83
10,0.0,0.0,3289.85,455.38
7,0.0,0.0,3386.22,418.71
9,0.15,0.0,3352.74,441.76
8,0.0,0.0,3353.93,430.04
7,0.17,0.0,3417.83,418.12
8,0.16,0.0,3385.05,429.42
6,0.0,0.0,3418.12,408.59
3,0.39,40.0,4116.87,337.12
6,0.2,0.0,3449.98,408.06
5,0.0,0.0,3450.54,399.89
5,0.22,0.0,3482.53,399.43
4,0.0,0.0,3485.38,393.11
2,0.0,38.42,4134.32,336.83
3,0.0,0.0,3526.28,388.77
4,0.0,38.82,4028.37,345.27
3,0.26,40.0,4104.51,337.13
4,0.33,0.0,3524.65,392.81
4,0.02,40.0,4033.14,343.31
30,0.05,0.0,2689.85,762.57
5,0.0,35.97,3985.36,357.73
11,0.03,0.0,3265.65,468.64
8,0.1,40.0,3909.73,383.02
10,0.03,0.0,3295.84,455.22
7,0.03,0.0,3391.45,418.58
36,0.04,0.0,2508.61,861.6
8,0.07,39.97,3903.35,383.17
5,0.1,39.99,4008.03,351.12
35,0.07,0.0,2545.27,844.89
24,0.08,0.0,2878.38,665.01
40,0.1,0.0,2402.35,927.98
36,0.11,0.0,2522.95,861.31
6,0.12,0.0,3438.31,408.26
6,0.07,39.97,3968.9,360.75
22,0.09,0.0,2941.09,633.12
36,0.07,0.0,2515.38,861.48
5,0.16,40.0,4017.6,350.95
4,0.08,40.0,4042.04,343.17
10,0.09,0.0,3308.38,454.98
4,0.23,40.0,4061.79,342.95
32,0.11,0.0,2643.26,795.12
24,0.03,0.0,2868.11,665.25
3,0.0,39.85,4076.13,337.61
9,0.07,0.0,3336.34,442.06
34,0.07,0.0,2575.66,828.35
5,0.0,38.45,3989.55,353.76
9,0.04,0.0,3330.19,442.17
18,0.09,0.0,3062.81,570.57
6,0.0,33.4,3946.57,370.99
3,0.0,36.78,4069.25,342.9
22,0.03,0.0,2927.67,633.41
9,0.03,0.0,3327.58,442.26
2,0.0,39.09,4136.03,335.6
36,0.03,0.0,2504.59,861.74
34,0.04,0.0,2568.9,828.44
14,0.05,0.0,3177.67,510.88
6,0.0,37.3,3952.96,365.03
7,0.0,36.75,3918.71,376.5
27,0.04,0.0,2779.54,713.56
19,0.03,0.0,3018.53,586.34
8,0.0,37.98,3887.2,386.32
26,0.09,0.0,2820.5,697.13
4,0.0,36.18,4023.22,349.58
33,0.04,0.0,2598.78,811.92
6,0.02,0.0,3421.78,408.51
5,0.03,40.0,3997.23,351.28
20,0.06,0.0,2994.73,601.78
28,0.04,0.0,2748.04,729.9
35,0.02,0.0,2533.66,845.16
16,0.1,0.0,3126.37,540.16
6,0.1,40.0,3974.51,360.63
11,0.06,0.0,3270.36,468.57
7,0.0,32.92,3912.93,382.24
5,0.16,0.0,3473.73,399.56
14,0.08,0.0,3183.92,510.71
2,0.0,39.6,4137.35,334.66
30,0.1,0.0,2703.13,762.26
4,0.0,36.91,4024.67,348.37
5,0.0,34.3,3982.49,360.33
21,0.04,0.0,2961.22,617.52
5,0.01,40.0,3993.16,351.35
6,0.0,35.84,3950.29,367.32
38,0.1,0.0,2461.08,894.64
28,0.02,0.0,2743.72,730.02
10,0.13,0.0,3317.4,454.81
8,0.02,40.0,3893.15,383.38
8,0.0,38.92,3888.53,384.95
11,0.0,0.0,3258.6,468.82
4,0.18,0.0,3507.05,392.91
26,0.07,0.0,2816.96,697.24
6,0.0,38.37,3954.7,363.37
38,0.11,0.0,2463.54,894.59
4,0.25,40.0,4064.02,342.91
7,0.0,34.45,3915.07,379.98
22,0.04,0.0,2929.79,633.37
21,0.11,0.0,2976.0,617.22
6,0.0,34.15,3947.7,369.87
28,0.11,0.0,2764.08,729.55
39,0.07,0.0,2424.62,911.46
18,0.01,0.0,3045.6,571.01
4,0.18,40.0,4054.61,343.02
16,0.12,0.0,3131.51,540.04
4,0.0,37.98,4026.66,346.65
37,0.08,0.0,2486.18,878.1
40,0.02,0.0,2383.64,928.4
10,0.06,0.0,3301.83,455.13
8,0.11,0.0,3374.97,429.64
5,0.0,39.34,3991.12,352.37
19,0.05,0.0,3025.13,586.22
12,0.02,0.0,3231.12,482.55
35,0.09,0.0,2548.71,844.79
18,0.06,0.0,3058.12,570.7
22,0.11,0.0,2945.29,633.05
17,0.03,0.0,3081.17,555.58
18,0.1,0.0,3066.83,570.51
8,0.04,40.0,3898.86,383.23
8,0.0,39.85,3889.71,383.65
34,0.08,0.0,2577.72,828.24
38,0.04,0.0,2448.26,894.89
29,0.06,0.0,2723.57,746.08
33,0.03,0.0,2595.51,812.01
4,0.13,40.0,4048.94,343.11
32,0.09,0.0,2638.85,795.2
24,0.06,0.0,2873.54,665.15
5,0.0,35.14,3983.46,359.05
28,0.09,0.0,2760.05,729.61
5,0.14,0.0,3471.52,399.6
5,0.06,40.0,4001.53,351.21
8,0.09,0.0,3370.71,429.67
6,0.17,0.0,3445.22,408.17
35,0.04,0.0,2538.52,845.02
5,0.0,37.05,3986.92,356.01
24,0.01,0.0,2862.68,665.38
19,0.08,0.0,3030.94,586.02
25,0.11,0.0,2855.17,680.92
23,0.01,0.0,2894.14,649.42
5,0.06,0.0,3460.06,399.74
7,0.06,0.0,3397.24,418.49
33,0.1,0.0,2612.19,811.63
16,0.06,0.0,3117.17,540.37
5,0.08,0.0,3463.23,399.68
6,0.1,0.0,3435.26,408.31
19,0.04,0.0,3021.03,586.28
4,0.12,0.0,3500.81,392.96
14,0.02,0.0,3170.94,511.0
7,0.02,40.0,3926.99,371.63
16,0.03,0.0,3109.8,540.53
11,0.09,0.0,3276.71,468.4
6,0.0,37.91,3953.91,364.08
33,0.06,0.0,2603.49,811.86
11,0.07,0.0,3273.37,468.5
14,0.11,0.0,3190.22,510.61
39,0.06,0.0,2421.2,911.56
3,0.02,40.0,4079.21,337.29
10,0.12,0.0,3313.92,454.88
15,0.12,0.0,3163.01,525.16
6,0.0,39.86,3956.93,361.16
39,0.09,0.0,2428.12,911.36
7,0.12,0.0,3407.88,418.3
14,0.06,0.0,3179.26,510.83
22,0.06,0.0,2935.57,633.25
20,0.04,0.0,2991.81,601.79
17,0.06,0.0,3086.48,555.48
12,0.07,0.0,3242.75,482.29
6,0.13,40.0,3978.92,360.57
7,0.1,0.0,3404.41,418.37
24,0.1,0.0,2883.59,664.89
29,0.1,0.0,2732.35,745.89
29,0.08,0.0,2728.23,745.95
6,0.08,0.0,3431.54,408.33
4,0.0,35.56,4022.01,350.61
26,0.11,0.0,2824.9,697.05
33,0.11,0.0,2614.21,811.6
7,0.08,40.0,3939.0,371.39
20,0.12,0.0,3008.0,601.46
4,0.04,40.0,4036.91,343.24
3,0.08,40.0,4086.03,337.22
21,0.13,0.0,2980.01,617.13
7,0.08,0.0,3401.43,418.38
11,0.1,0.0,3279.83,468.35
36,0.01,0.0,2500.45,861.84
10,0.0,0.0,3290.36,455.36
3,0.0,39.15,4074.48,338.83
5,0.04,0.0,3456.44,399.78
3,0.03,0.0,3529.29,388.73
19,0.07,0.0,3027.88,586.11
3,0.0,37.3,4070.45,341.99
31,0.06,0.0,2662.49,778.92
4,0.14,0.0,3503.13,392.95
4,0.31,0.0,3522.49,392.83
12,0.06,0.0,3239.93,482.35
8,0.06,0.0,3365.2,429.81
33,0.01,0.0,2592.13,812.11
4,0.26,0.0,3516.16,392.84
30,0.12,0.0,2706.9,762.18
13,0.12,0.0,3223.52,496.15
22,0.12,0.0,2947.87,632.95
27,0.08,0.0,2788.42,713.35
27,0.06,0.0,2783.24,713.51
17,0.08,0.0,3091.83,555.32
10,0.06,0.0,3301.48,455.15
25,0.06,0.0,2844.72,681.13
6,0.0,34.62,3948.44,369.16
28,0.12,0.0,2767.18,729.47
32,0.03,0.0,2627.04,795.52
19,0.0,0.0,3013.06,586.47
8,0.03,40.0,3896.44,383.29
25,0.04,0.0,2840.38,681.2
26,0.03,0.0,2807.92,697.41
22,0.06,0.0,2934.8,633.26
32,0.0,0.0,2620.09,795.65
27,0.11,0.0,2795.71,713.24
29,0.04,0.0,2719.28,746.16
7,0.14,0.0,3412.41,418.23
12,0.09,0.0,3246.24,482.22
5,0.02,0.0,3453.87,399.82
8,0.04,0.0,3362.02,429.84
12,0.04,0.0,3235.53,482.44
40,0.13,0.0,2407.89,927.85
6,0.0,36.57,3951.64,366.18
18,0.12,0.0,3069.69,570.44
8,0.07,0.0,3368.08,429.74
7,0.0,33.89,3914.08,380.82
14,0.13,0.0,3194.68,510.5
17,0.01,0.0,3076.67,555.69
4,0.0,37.33,4025.47,347.71
8,0.12,0.0,3377.79,429.56
34,0.1,0.0,2582.41,828.19
10,0.1,0.0,3310.94,454.92
17,0.07,0.0,3089.76,555.39
39,0.02,0.0,2413.58,911.7
23,0.1,0.0,2913.52,648.94
20,0.08,0.0,2999.69,601.63
35,0.12,0.0,2555.8,844.65
34,0.13,0.0,2588.27,828.03
6,0.06,0.0,3428.88,408.4
5,0.13,40.0,4013.44,351.02
18,0.06,0.0,3056.11,570.77
40,0.09,0.0,2397.89,928.06
7,0.11,40.0,3942.92,371.32
7,0.0,40.0,3923.85,371.69
24,0.05,0.0,2871.65,665.17
4,0.13,40.0,4049.06,343.1
5,0.2,0.0,3479.3,399.48
5,0.13,40.0,4012.16,351.06
40,0.01,0.0,2380.79,928.51
39,0.12,0.0,2434.96,911.23
4,0.18,39.97,4054.55,343.07
37,0.09,0.0,2488.44,878.02
32,0.13,0.0,2648.03,795.03
26,0.06,0.0,2813.03,697.33
21,0.08,0.0,2969.26,617.35
26,0.12,0.0,2826.74,697.0
37,0.01,0.0,2470.62,878.45
17,0.04,0.0,3083.38,555.5
34,0.04,0.0,2567.3,828.52
40,0.06,0.0,2391.92,928.23
3,0.0,38.57,4073.4,339.81
34,0.02,0.0,2563.75,828.59
12,0.13,0.0,3256.03,482.02
23,0.04,0.0,2900.18,649.22
31,0.09,0.0,2669.5,778.74
2,0.01,38.46,4134.9,336.76
37,0.1,0.0,2491.45,877.97
13,0.07,0.0,3212.12,496.4
4,0.06,0.0,3493.57,393.02
38,0.01,0.0,2441.16,895.11
40,0.07,0.0,2393.33,928.19
6,0.03,40.0,3962.41,360.86
13,0.1,0.0,3218.84,496.24
7,0.0,37.48,3919.86,375.37
3,0.21,40.0,4100.08,337.16
5,0.0,37.08,3986.98,355.95
35,0.01,0.0,2531.04,845.25
4,0.06,40.0,4039.4,343.2
3,0.16,40.0,4094.87,337.18
8,0.02,0.0,3358.56,429.91
30,0.09,0.0,2699.17,762.31
35,0.04,0.0,2538.52,845.02
8,0.0,37.46,3886.51,387.05
11,0.14,0.0,3287.65,468.2
21,0.06,0.0,2965.44,617.44
8,0.0,39.3,3889.05,384.4
7,0.0,39.68,3922.92,372.17
28,0.05,0.0,2751.38,729.84
5,0.0,39.55,3991.61,352.04
33,0.08,0.0,2607.51,811.72
9,0.14,0.0,3349.52,441.81
13,0.03,0.0,3204.01,496.56
34,0.11,0.0,2583.26,828.14
38,0.08,0.0,2456.13,894.75
4,0.22,0.0,3511.41,392.87
27,0.02,0.0,2775.08,713.68
6,0.19,0.0,3449.51,408.08
6,0.0,39.09,3955.88,362.26
39,0.02,0.0,2413.58,911.7
29,0.07,0.0,2726.12,746.03
34,0.01,0.0,2562.08,828.64
8,0.0,0.0,3354.47,430.01
4,0.09,0.0,3496.22,392.97
37,0.12,0.0,2495.61,877.87
36,0.09,0.0,2518.6,861.39
40,0.08,0.0,2396.89,928.08
13,0.01,0.0,3199.68,496.66
13,0.11,0.0,3220.72,496.22
7,0.0,35.26,3916.14,378.8
5,0.0,34.95,3983.15,359.34
7,0.0,35.95,3917.14,377.77
28,0.06,0.0,2752.92,729.79
24,0.11,0.0,2886.56,664.85
21,0.03,0.0,2957.91,617.61
11,0.12,0.0,3282.91,468.3
30,0.06,0.0,2692.4,762.51
33,0.13,0.0,2618.42,811.5
3,0.0,37.77,4071.47,341.19
3,0.05,39.99,4081.91,337.28
19,0.12,0.0,3039.09,585.87
4,0.25,0.0,3515.74,392.85
29,0.04,0.0,2717.93,746.23
21,0.1,0.0,2972.95,617.3
32,0.02,0.0,2624.76,795.56
4,0.04,0.0,3490.57,393.04
20,0.1,0.0,3004.45,601.53
9,0.13,0.0,3347.47,441.86
7,0.0,35.95,3917.14,377.77
25,0.0,0.0,2831.07,681.46
9,0.11,0.0,3343.19,441.97
23,0.08,0.0,2908.39,649.05
16,0.09,0.0,3123.85,540.21
39,0.1,0.0,2430.97,911.32
7,0.0,35.14,3915.92,378.97
40,0.04,0.0,2387.63,928.31
29,0.12,0.0,2736.34,745.79
23,0.09,0.0,2910.15,649.0
18,0.03,0.0,3050.19,570.89
15,0.04,0.0,3145.43,525.54
31,0.07,0.0,2665.52,778.83
7,0.0,38.15,3920.76,374.39
31,0.04,0.0,2659.52,778.96
5,0.11,0.0,3466.87,399.67
12,0.04,0.0,3236.64,482.38
37,0.06,0.0,2481.57,878.22
20,0.1,0.0,3003.56,601.57
7,0.0,37.17,3919.84,375.83
18,0.04,0.0,3052.65,570.8
14,0.01,0.0,3168.02,511.07
13,0.02,0.0,3201.2,496.63
35,0.1,0.0,2552.2,844.76
23,0.03,0.0,2897.4,649.29
7,0.04,39.99,3931.25,371.53
7,0.06,39.99,3934.76,371.48
6,0.05,0.0,3426.17,408.47
27,0.12,0.0,2797.56,713.18
6,0.11,40.0,3976.68,360.62
39,0.04,0.0,2418.14,911.57
14,0.09,0.0,3187.0,510.7
15,0.06,0.0,3148.07,525.52
7,0.04,39.99,3930.42,371.57
6,0.17,0.0,3445.22,408.17
25,0.13,0.0,2859.18,680.83
3,0.16,40.0,4094.87,337.18
40,0.04,0.0,2388.0,928.28
7,0.06,0.0,3398.2,418.47
6,0.04,40.0,3964.62,360.78
3,0.21,40.0,4100.17,337.15
3,0.12,40.0,4090.38,337.21
7,0.07,40.0,3935.61,371.45
5,0.06,40.0,4001.17,351.23
29,0.01,0.0,2711.65,746.37
4,0.0,37.77,4026.26,347.0
4,0.21,0.0,3510.76,392.9
6,0.0,39.16,3956.0,362.15
37,0.11,0.0,2493.67,877.93
25,0.03,0.0,2837.06,681.3
13,0.04,0.0,3206.2,496.48
3,0.12,40.0,4090.38,337.21
13,0.06,0.0,3210.19,496.42
4,0.0,35.73,4022.32,350.33
15,0.02,0.0,3139.36,525.7
7,0.13,0.0,3410.82,418.25
23,0.06,0.0,2903.62,649.19
23,0.11,0.0,2915.67,648.9
19,0.1,0.0,3034.63,585.98
23,0.06,0.0,2904.65,649.14
17,0.1,0.0,3095.66,555.27
15,0.03,0.0,3141.69,525.62
37,0.02,0.0,2473.58,878.37
9,0.09,0.0,3339.08,441.99
20,0.13,0.0,3010.66,601.4
6,0.0,35.16,3949.27,368.34
3,0.06,40.0,4083.91,337.24
29,0.11,0.0,2734.6,745.85
15,0.1,0.0,3158.19,525.3
28,0.08,0.0,2757.28,729.68
39,0.11,0.0,2432.59,911.27
31,0.1,0.0,2672.01,778.69
5,0.0,37.94,3988.58,354.58
19,0.1,0.0,3036.19,585.94
15,0.1,0.0,3158.9,525.26
32,0.05,0.0,2630.59,795.44
28,0.0,0.0,2740.66,730.06
33,0.07,0.0,2605.29,811.8
16,0.01,0.0,3107.21,540.59
7,0.1,40.0,3941.93,371.35
3,0.0,39.03,4074.15,339.05
17,0.11,0.0,3098.87,555.22
18,0.13,0.0,3072.39,570.38
21,0.07,0.0,2966.17,617.43
7,0.0,39.19,3922.27,372.86
20,0.08,0.0,3000.03,601.61
31,0.03,0.0,2656.41,779.05
25,0.02,0.0,2834.85,681.38
9,0.12,0.0,3345.05,441.91
12,0.01,0.0,3228.66,482.6
38,0.02,0.0,2444.03,895.04
15,0.07,0.0,3151.3,525.43
26,0.01,0.0,2802.32,697.55
15,0.04,0.0,3143.61,525.6
21,0.01,0.0,2954.21,617.73
16,0.04,0.0,3113.58,540.41
20,0.03,0.0,2988.35,601.89
5,0.0,37.83,3988.38,354.75
27,0.1,0.0,2791.88,713.32
8,0.14,0.0,3380.45,429.52
16,0.04,0.0,3113.58,540.41
25,0.08,0.0,2849.0,681.02
30,0.08,0.0,2697.82,762.34
8,0.14,0.0,3381.52,429.5
26,0.13,0.0,2830.17,696.93
16,0.08,0.0,3121.86,540.24
